,precision,recall,f1-score,support
Negative,0.6301775147928994,0.9141630901287554,0.7460595446584939,233.0
Neutral,0.8311688311688312,0.2206896551724138,0.34877384196185285,290.0
Positive,0.8860759493670886,1.0,0.9395973154362416,840.0
accuracy,0.8195157740278797,0.8195157740278797,0.8195157740278797,0.8195157740278797
macro avg,0.7824740984429397,0.7116175817670564,0.6781435673521962,1363.0
weighted avg,0.8306486569728987,0.8195157740278797,0.780805600176676,1363.0
